<?xml version='1.0' encoding='UTF-8' ?> 
<!-- was: no XML declaration present -->
<!DOCTYPE root SYSTEM "DB DTD.dtd">
<root>
    <Grovindelning grovnamn="bröd">
        <Märke märkesnamn="Pågen">
            <Produkt namn="lingongrova" enhetsnamn = "g" ProduktID="P_1">
                <ProduktFörpackning streckkodsnummer = "S_6346737" storlek= "100"/>
            </Produkt>
        </Märke>
    </Grovindelning>
    
    <Grovindelning grovnamn="dryck">
        <Märke märkesnamn="Gevalia">
            <Produkt namn="mellanrost kaffe" enhetsnamn = "g" ProduktID="P_2">
                <ProduktFörpackning streckkodsnummer = "S_4765345" storlek="250"/>
            </Produkt>
        </Märke>
        <Märke märkesnamn="Bravo">
            <Produkt namn="äppeljuice" enhetsnamn = "L" ProduktID="P_3">
                <ProduktFörpackning streckkodsnummer = "S_1746344" storlek="1"/>
                <ProduktFörpackning streckkodsnummer = "S_5631567" storlek="2"/>
            </Produkt>
            <Produkt namn="apelsinjuice" enhetsnamn = "L" ProduktID="P_4">
                <ProduktFörpackning streckkodsnummer = "S_1674561" storlek="1"/>
                <ProduktFörpackning streckkodsnummer = "S_5635567" storlek="2"/>
            </Produkt>
        </Märke>        
        <Märke märkesnamn="CocaCola">
            <Produkt namn="cocacola" enhetsnamn = "L" ProduktID="P_5">
                <ProduktFörpackning streckkodsnummer = "S_7546258" storlek="1"/>
            </Produkt>
            <Produkt namn="cola light" enhetsnamn = "L" ProduktID="P_6">
                <ProduktFörpackning streckkodsnummer = "S_4533545" storlek="2"/>
            </Produkt>
        </Märke>
        <Märke märkesnamn="Pepsi">
            <Produkt namn="pepsi max" enhetsnamn = "L" ProduktID="P_7">
                <ProduktFörpackning streckkodsnummer = "S_7988546" storlek="2"/>
            </Produkt>
            <Produkt namn="pepsi zero" enhetsnamn = "L" ProduktID="P_8">
                <ProduktFörpackning streckkodsnummer = "S_3543544" storlek="1"/>
            </Produkt>
        </Märke>
    </Grovindelning>

    <Grovindelning grovnamn="fågel">
        <Märke märkesnamn="Kronfågel">
            <Produkt namn="kycklingfile fryst" enhetsnamn = "kg" ProduktID="P_9">
                <ProduktFörpackning streckkodsnummer = "S_2546985" storlek="1"/>
                <ProduktFörpackning streckkodsnummer = "S_3453345" storlek="5"/>
            </Produkt>
        </Märke>
    </Grovindelning>
    
    <Grovindelning grovnamn="godis">
        <Märke märkesnamn="Marabou">
            <Produkt namn="mjölkchoklad" enhetsnamn = "g" ProduktID="P_10">
                <ProduktFörpackning streckkodsnummer = "S_4659445" storlek="250"/>
            </Produkt>
            <Produkt namn="mjölkchoklad daim" enhetsnamn = "g" ProduktID="P_11">
                <ProduktFörpackning streckkodsnummer = "S_1232323" storlek="250"/>
            </Produkt>
        </Märke>
    </Grovindelning>
    
    <Grovindelning grovnamn="kakor">
        <Märke märkesnamn="Delicato">
            <Produkt namn="chokladboll" enhetsnamn = "g" ProduktID="P_12">
                <ProduktFörpackning streckkodsnummer = "S_8856210" storlek="1500"/>
                <ProduktFörpackning streckkodsnummer = "S_8856200" storlek="45"/>
            </Produkt>
        </Märke>
        <Märke märkesnamn="Göteborgs">
            <Produkt namn="pepparkakor" enhetsnamn = "g" ProduktID="P_13">
                <ProduktFörpackning streckkodsnummer = "S_4235344" storlek="375"/>
            </Produkt>
        </Märke>
    </Grovindelning>
    
    <Grovindelning grovnamn="kött">
        <Märke märkesnamn="Scan">
            <Produkt namn="bacon" enhetsnamn = "g" ProduktID="P_14">
                <ProduktFörpackning streckkodsnummer = "S_6543054" storlek="200"/>
            </Produkt>
        </Märke>
        <Märke märkesnamn="Felix">
            <Produkt namn="köttbullar" enhetsnamn = "g" ProduktID="P_15">
                <ProduktFörpackning streckkodsnummer = "S_1200457" storlek="750"/>
            </Produkt>
        </Märke>
    </Grovindelning>
    <Grovindelning grovnamn="mjölk">
        <Märke märkesnamn="Arla">
            <Produkt namn="mellanmjölk laktosfri" enhetsnamn = "L" ProduktID="P_16">
                <ProduktFörpackning streckkodsnummer = "S_3523149" storlek="1"/>
                <ProduktFörpackning streckkodsnummer = "S_9853433" storlek="2"/>
            </Produkt>
            <Produkt namn="mellanmjölk eko" enhetsnamn = "L" ProduktID="P_17">
                <ProduktFörpackning streckkodsnummer = "S_4535734" storlek="1"/>
                <ProduktFörpackning streckkodsnummer = "S_1284513" storlek="2"/>      
            </Produkt>
            <Produkt namn="mellanmjölk" enhetsnamn = "L" ProduktID="P_18">
                <ProduktFörpackning streckkodsnummer = "S_5785440" storlek="1"/>
                <ProduktFörpackning streckkodsnummer = "S_5784430" storlek="2"/> 
            </Produkt>
            <Produkt namn="rödmjölk" enhetsnamn = "L" ProduktID="P_19">
                <ProduktFörpackning streckkodsnummer = "S_9563521" storlek="3"/>
            </Produkt>
        </Märke>

        <Märke märkesnamn="Klöver">
            <Produkt namn="Mellanmjölk eko" enhetsnamn = "L" ProduktID="P_20">
                <ProduktFörpackning streckkodsnummer = "S_4362453" storlek="1"/>
            </Produkt>
            <Produkt namn="Mellanmjölk" enhetsnamn = "L" ProduktID="P_21">
                <ProduktFörpackning streckkodsnummer = "S_5968484" storlek="1"/>
            </Produkt>
        </Märke>
    </Grovindelning>
                        
    <Grovindelning grovnamn="ost">
        <Märke märkesnamn="Philadelphia">
            <Produkt namn="naturell" enhetsnamn = "g" ProduktID="P_22">
                <ProduktFörpackning streckkodsnummer = "S_4565430" storlek="200"/>
            </Produkt>
        </Märke>

        <Märke märkesnamn="Arla">
            <Produkt namn="Prästost mellan" enhetsnamn = "g" ProduktID="P_23">
                <ProduktFörpackning streckkodsnummer = "S_4634475" storlek="500"/>
                <ProduktFörpackning streckkodsnummer = "S_4343424" storlek="1000"/>
            </Produkt>
        </Märke>  
        <Märke märkesnamn="Keso">
            <Produkt namn="keso naturell" enhetsnamn = "g" ProduktID="P_24">
                <ProduktFörpackning streckkodsnummer = "S_8693246" storlek="250"/>
            </Produkt>
        </Märke>
    </Grovindelning>
    
    <Grovindelning grovnamn="städ">
        <Märke märkesnamn="Yes">
            <Produkt namn="diskmedel platinum" enhetsnamn = "ml" ProduktID="P_25">
                <ProduktFörpackning streckkodsnummer = "S_3654795" storlek="750"/>
            </Produkt>
        </Märke>
    </Grovindelning>

    <Grovindelning grovnamn="yoghurt">
        <Märke märkesnamn="Arla">
            <Produkt namn="mild yoghurt naturell" enhetsnamn = "L" ProduktID="P_26">
                <ProduktFörpackning streckkodsnummer = "S_5787996" storlek="1"/>
            </Produkt>
            <Produkt namn="mild yoghurt vanilj" enhetsnamn = "L" ProduktID="P_27">
                <ProduktFörpackning streckkodsnummer = "S_5239842" storlek="1"/>
            </Produkt>
        </Märke>
    </Grovindelning>
    <Grovindelning grovnamn="pasta">
        <Märke märkesnamn="Barilla">
            <Produkt namn="Penne Rigate" enhetsnamn = "kg" ProduktID="P_28">
                <ProduktFörpackning streckkodsnummer = "S_6346218" storlek= "1"/>
                <ProduktFörpackning streckkodsnummer = "S_6346678" storlek= "5"/>
            </Produkt>
            <Produkt namn="Bavette" enhetsnamn = "g" ProduktID="P_29">
                <ProduktFörpackning streckkodsnummer = "S_6346251" storlek= "500"/>
            </Produkt>
            <Produkt namn="Tortiglioni" enhetsnamn = "kg" ProduktID="P_30">
                <ProduktFörpackning streckkodsnummer = "S_6346212" storlek= "1"/>
                <ProduktFörpackning streckkodsnummer = "S_6346201" storlek= "2"/>
            </Produkt>
        </Märke>
    </Grovindelning>
    <Grovindelning grovnamn="sås">
        <Märke märkesnamn="Barilla">
            <Produkt namn="Pomodoro e cipolla" enhetsnamn = "kg" ProduktID="P_31">
                <ProduktFörpackning streckkodsnummer = "S_7346218" storlek= "2"/>
                <ProduktFörpackning streckkodsnummer = "S_7346678" storlek= "3"/>
            </Produkt>
            <Produkt namn="Pomodoro e basilico" enhetsnamn = "g" ProduktID="P_32">
                <ProduktFörpackning streckkodsnummer = "S_7346251" storlek= "700"/>
            </Produkt>
            <Produkt namn="Pesto" enhetsnamn = "kg" ProduktID="P_33">
                <ProduktFörpackning streckkodsnummer = "S_7346212" storlek= "1"/>
                <ProduktFörpackning streckkodsnummer = "S_7346201" storlek= "2"/>
            </Produkt>
        </Märke>
    </Grovindelning>
    <!--<Stamkund pnr="" namn="" köpkortsnummer="" telefonnummer="" adress="" postnr="" email=""/>-->
    <Kategori kategorinamn="ekologisk">	
        <ProduktKategori ProduktID="P_16"/>
        <ProduktKategori ProduktID="P_19"/>
        <ProduktKategori ProduktID="P_20"/>
    </Kategori>
    <Kategori kategorinamn="fair_trade">
        <ProduktKategori ProduktID="P_24"/>
        <ProduktKategori ProduktID="P_23"/>
        <ProduktKategori ProduktID="P_26"/>
    </Kategori>
    <Kategori kategorinamn="glutenfri">
        <ProduktKategori ProduktID="P_1"/>
    </Kategori>
    <Kategori kategorinamn="krav">
        <ProduktKategori ProduktID="P_20"/>
    </Kategori>
    <Kategori kategorinamn="laktosfri">
        <ProduktKategori ProduktID="P_15"/>
    </Kategori>
    <Kategori kategorinamn="miljövänlig">
        <ProduktKategori ProduktID="P_24"/>
    </Kategori>

    <Butik namn="icooköp_haninge" adress="hornsgatan 2a" postnr="24587">
        <Lagerstatus inventeringstid="2015-12-13" AntalFörp="1000" MaxAntalFörp="2250" streckkodsnummer = "S_7546258"/>
        <Lagerstatus inventeringstid="2016-02-03" AntalFörp="50" MaxAntalFörp="200" streckkodsnummer = "S_6346218"/>
        <Lagerstatus inventeringstid="2016-02-03" AntalFörp="23" MaxAntalFörp="200" streckkodsnummer = "S_7346218"/>

    </Butik>
    <Butik namn="icooköp_helenelund" adress="bellmansgatan 15" postnr="14476">
        <Lagerstatus inventeringstid="2016-02-01" AntalFörp="100" MaxAntalFörp="300" streckkodsnummer = "S_7346678"/>
        <Lagerstatus inventeringstid="2016-02-30" AntalFörp="1" MaxAntalFörp="1000" streckkodsnummer = "S_6346678"/>
        <Lagerstatus inventeringstid="2015-12-25" AntalFörp="0" MaxAntalFörp="50" streckkodsnummer = "S_3654795"/>
        <Lagerstatus inventeringstid="2015-12-26" AntalFörp="77" MaxAntalFörp="100" streckkodsnummer = "S_3453345"/>
        <Lagerstatus inventeringstid="2015-12-18" AntalFörp="22" MaxAntalFörp="50" streckkodsnummer = "S_1200457"/>
    </Butik>
    <Butik namn="icooköp_heron" adress="dialoggatan 2" postnr="14175">
        <Lagerstatus inventeringstid="2015-10-18" AntalFörp="31" MaxAntalFörp="100" streckkodsnummer = "S_7346251"/>
        <Lagerstatus inventeringstid="2015-10-18" AntalFörp="25" MaxAntalFörp="100" streckkodsnummer = "S_6346251"/>
        <Lagerstatus inventeringstid="2015-09-18" AntalFörp="9000" MaxAntalFörp="9000" streckkodsnummer = "S_1200457"/>
        <Lagerstatus inventeringstid="2015-12-26" AntalFörp="1345" MaxAntalFörp="5000" streckkodsnummer = "S_5239842"/>
    </Butik>
    <Butik namn="icooköp_husby" adress="husbyvägen 1" postnr="88775">
        <Lagerstatus inventeringstid="2015-12-12" AntalFörp="0" MaxAntalFörp="100" streckkodsnummer = "S_1284513"/>
        <Lagerstatus inventeringstid="2015-12-01" AntalFörp="50" MaxAntalFörp="75" streckkodsnummer = "S_3654795"/>
        <Lagerstatus inventeringstid="2015-12-17" AntalFörp="0" MaxAntalFörp="50" streckkodsnummer = "S_4362453"/>
        <Lagerstatus inventeringstid="2015-12-17" AntalFörp="0" MaxAntalFörp="60" streckkodsnummer = "S_4535734"/>
        <Lagerstatus inventeringstid="2015-12-13" AntalFörp="250" MaxAntalFörp="500" streckkodsnummer = "S_8856210"/>
    </Butik>
    <Butik namn="icooköp_kista" adress="isafjordsgatan 84" postnr="87954">
        <Lagerstatus inventeringstid="2015-12-27" AntalFörp="100" MaxAntalFörp="210" streckkodsnummer = "S_7346212"/>
        <Lagerstatus inventeringstid="2015-12-26" AntalFörp="150" MaxAntalFörp="220" streckkodsnummer = "S_6346212"/>
        <Lagerstatus inventeringstid="2015-12-27" AntalFörp="15000" MaxAntalFörp="25000" streckkodsnummer = "S_5785440"/>
        <Lagerstatus inventeringstid="2015-12-26" AntalFörp="0" MaxAntalFörp="5500" streckkodsnummer = "S_6543054"/>
    </Butik>
    <Butik namn="icooköp_uppsala" adress="sveavägen 32" postnr="75545">
        <Lagerstatus inventeringstid="2015-10-15" AntalFörp="16" MaxAntalFörp="200" streckkodsnummer = "S_7346201"/>
        <Lagerstatus inventeringstid="2015-10-25" AntalFörp="99" MaxAntalFörp="190" streckkodsnummer = "S_6346201"/>
        <Lagerstatus inventeringstid="2015-10-24" AntalFörp="10" MaxAntalFörp="2000" streckkodsnummer = "S_8856200"/>
    </Butik>
</root>
